teks,tipe
Pakai baju ukurannya pas \n Baju biru pemberian mertua \n Jangan lupa belajar dengan ikhlas \n Agar kelak mendapat ridho_Nya \n ,Pantun Bijak
Orang bijak cinta bahasa \n Bahasa luas Bahasa masyarakat \n Bahasa itu menunjukan Bangsa \n Bangsa terhotmat punya martabat \n ,Pantun Pendidikan
Kepada siapa datangnya wahyu \n Kepada Nabi wahyu turun \n Dari mana datangnya ilmu \n Dari belajar dengan tekun \n ,Pantun Nasihat
Citah perang melawan citah \n Seekor pelatuk mati di tengah \n Jika kau tak mahu sekolah \n Ayah bunda pasti gelisah \n ,Pantun Pendidikan
"Ada gadis perawan, \n paling cantik di kampungnya. \n Hormatilah ibumu kawan, \n Ada surga di telapak kakinya. \n ",Pantun Agama
"Para hadirin tegap dan hormat, \n Karena telah dimulai upacara, \n Karena pejuang-pejuang hebat, \n 17-8-1945 Indonesia raih merdeka \n ",Pantun Kemerdekaan
"Seram sekali Bukit Hantu, \n pergi sendiri membawa lampu. \n Orang lain takkan membantu, \n jika malas jadi tabiatmu. \n ",Pantun Nasihat
"Udan-udan ngeyup ngisor wit gedhang, \n wegah sangu payung amarga ngrepoti \n Pangapura sampeyan kulo gadang-gadang \n kita raketke pasederekan ing dina riyadi. \n ",Pantun Bahasa Jawa
Gelang emas di dalam peti \n hilang satu di taman melati \n Kasih sayang yang sejati \n membawamu bahagia hingga mati \n ,Pantun Cinta
"Makan mendoan di kantin sekolah, \n Minum teh sisri bersama Falah. \n Maaf jika aku telah berbuat salah, \n Kasih tahu aku InsyaAllah bisa berubah. \n ",Pantun Agama
Manis sungguh gula Melaka \n Jangan dibancuh dibuat serbat \n Sungguh teguh adat pusaka \n  Biar mati anak jangan mati adat \n ,Pantun Adat
Jangan patahkan atap mengkuang \n Atap patah kumbangpun lalu \n Jangan patahkan cakap orang \n Cakap patah orangnya malu \n ,Pantun Nasihat
Bukan lebah sembarang lebah \n Lebah bersarang di buku buluh \n Bukan sembah sembarang sembah \n Sembah bersarang jari sepuluh \n ,Pantun Adat
Anak kera di atas bukit \n Dipanah oleh Indera Sakti \n Dipandang muka senyum sedikit \n Karena sama menaruh hati \n ,Pantun Cinta
Mencari motor di tempat persewaan \n Menyewa motor untuk pergi pacaran \n Seberat apapun sebuah pekerjaan \n Akan terasa ringan bila tidak dikerjakan \n ,Pantun Jenaka
Hari minggu pergi berburu \n Berburu rusa bersama teman \n Anak baik hormati guru \n Itu namanya murid budiman \n ,Pantun Pendidikan
Kitab Shafie berjudul Risalah \n Ada terjemahan ke bahasa Melayu \n Kuat hubungan dengan Allah \n Ibu yang ikut wahyu \n ,Pantun Ibu
Burung Glatik \n Lagi hinggap di batu. . . \n Kamu memang cantik \n Tapi kok badannya bau \n ,Pantun Jenaka
Makan tahu bumbu petis \n Duduk sendiri sambil merenung \n Aku bukan lelaki romantis \n Namun kesetiaanku setinggi gunung \n ,Pantun Cinta
Kalau keladi sudah ditanam \n Jangan lagi meminta balas \n Kalau budi sudah ditanam \n Jangan lagi meminta balas \n ,Pantun Budi
"Bayi lahir mestine nangis, \n gawe gila nek ngguyu mringis. \n Lebaran sungkem wongtuwo ojo lali \n kang ngrumat awakmu wiwit bayi \n ",Pantun Bahasa Jawa
Nahkoda bekerja di hari Minggu \n Kapal besar siap berlayar \n Pergi sekolah untuk menuntut ilmu \n Hormati guru dengan tekun belajar \n ,Pantun Guru
Burung dara terbang melanglang \n Hinggapnya di pucuk pepohonan \n Setiap kali ayah pulang \n Selalu saja banyak makanan \n ,Pantun Anak-anak
Anak-anak bermain batu \n Batu dilempar satu persatu \n Berbadan lurus matanya satu \n Ekornya tajam apakah itu? \n (Jawabannya: Jarum) \n ,Pantun Teka-Teki
Beli nasi di warung pak ketut \n Sungguh enak rasa masakannya \n Maksud hati ingin kentut \n Apalah daya keluar isinya \n ,Pantun Jenaka
Kancil menulis di daun lontar \n Ketika mentari telah bersinar \n Belajar tak sekedar pintar \n Namun menjadi pribadi benar \n ,Pantun Nasihat
"Berlayar perahu dari Berandan, \n Menuju arah Selat Malaka, \n Lebar kepala dari badan, \n Apakah itu coba kau terka? \n (Jawabannya: Ikan pari) \n ",Pantun Teka-Teki
Layangan putus nyangkut di paku \n Pakunya nempel di jemuran baju \n Cinta mu tulus hanya untuk ku \n Tapi sayang mama ku ngga setuju \n ,Pantun Jenaka
"Menuntut ilmu butuh pemahaman \n Sudah paham, jangan disalahgunakan \n Jika jodoh di tangan tuhan \n Maka dekatkanlah diri kepada tuhan \n ",Pantun Cinta
Sungguh indah pohon di musim semi \n Daunnya indah banyak dipetiki \n Banyak - banyaklah bersilaturahmi \n Karena silaturahmi penyambung rezeki \n ,Pantun Nasihat
"Nagara tentrem amarga para satria pinandhita, \n bengi shalat tahajud, awan sregep makarya. \n Sugeng riyadi, sedaya kalepatan kula nyuwun pangapura \n Latihan pasa sewulan mugi kita dados manungsa takwa \n ",Pantun Bahasa Jawa
Buat rumah di hutan belukar \n Pohon rusak jadi tontonan \n Hutan bukan untuk dibakar \n Tapi untuk sumber kehidupan \n ,Pantun Alam
Harum wanginya bunga selasih \n Tersiram hujan daunnya basah \n Belahan jiwa curahan kasih \n Tempat hilangkan resah gelisah \n ,Pantun Cinta
"Ada tubuh ada tangan, \n Tiada kepala tiada kaki; \n Sangat berguna waktu hujan, \n Apakah dia yang dimaksudkan ini. \n (baju hujan) \n ",Pantun Teka-Teki
Ada kain berwarna merah \n Sungguh indah dipandang mata \n Kalau main jangan marah \n Senang sahaja bersuka cita \n ,Pantun Anak-anak
Pokok pinang ditanam rapat \n Puyuh kini berlari-lari \n Samalah kita menjunjung adat \n Tunggak budaya semai dihati \n ,Pantun Adat
Biarlah orang bertanam buluh \n Mari kita bertanam padi \n Biarlah orang bertanam musuh \n Mari kita menanam budi \n ,Pantun Budi
Paling seger minum limau \n Campur madu tambah nikmat \n Ayam berani sama harimau \n Itu ayam super nekat \n ,Pantun Jenaka
Sayang-sayang buah kepayang \n Buah kepayang hendak dimakan \n Manusia hanya boleh merancang \n Kuasa Allah yang menentukan \n ,Pantun Agama
Suara kereta tut tut tut \n Terdengar hingga Ci Salak \n Udin lari terkentut-kentut \n Ternyata dikejar anjing galak \n ,Pantun Anak-anak
"Ikan pari loncat ke selokan, \n Bisa-bisa mati kurang makan. \n Didik diri jadi dermawan, \n sedekah jariyah sebagai bekalan \n ",Pantun Agama
Kain batik banyak sekodi \n Perca tersimpan di dalam goni \n Turun ke sawah menanam padi \n Bermain lumpur bareng petani \n ,Pantun Anak-anak
Taruh kembali pisau belati \n karena tajam bagaikan duri \n Cinta kasih di dalam hati \n Biarlah tumbuh dan berseri \n ,Pantun Cinta
Jalan-jalan ke rawa-rawa \n Capek duduk di pohon palm \n Geli hati menahan tawa \n Melihat katak memakai helm \n ,Pantun Jenaka
Sangat laku jualan jamu \n Jualnya ke tanah seberang \n Saat aku melihat dirimu \n Dunia rasanya terang benderang \n ,Pantun Cinta
"Kamar kos-kosan bentuknya persegi, \n disewa tukang roti, \n takan bosan kuucapkan slamat pagi, \n untukmu sang pemilik hati . \n ",Pantun Cinta
Pergi ke pasar beli salak \n Salaknya dimakan berdua \n Hey kamu anak bapak \n Patuhlah pada kedua orang tua \n ,Pantun Bijak
"Air cuka bercampur pasta, \n terkena mata jadi terluka. \n Jangan suka berkata dusta, \n Kalau tak ingin masuk neraka \n ",Pantun Agama
Para petani menanam padi \n Padi disemai benihpun jadi \n Sehat sejati tak hanya jasmani \n Tapi jiwa hati nurani \n ,Pantun Berbalas
Banyaklah masa antara masa \n Tidak seelok masa bersua \n Meninggalkan solat jadi biasa \n Tanpa takut api neraka \n ,Pantun Agama
Kalau ingin makan kelapa \n Kupas kulit sampai tak tersisa \n Kalau ingin dapat juara \n Belajarlah dan jangan menyerah \n ,Pantun Anak-anak
Batang selasih permainan anak \n Daunnya sehelai dimakan kuda \n Bercerai kasih bertalak tidak \n Seribu tahun kembali juga \n ,Pantun Perpisahan
Pak Tegus pergi ke Bali \n Melihat bule sedang menari \n Aduh pantas kau bau sekali \n Kau belum mandi enam hari \n ,Pantun Jenaka
Mlaku-mlaku ning Malioboro \n Menawi sayah numpak becak luwih sekeca \n Sugeng riyadi kagem panjenengan sedaya \n Sagung kalepatan nyuwun diparingi pangapura \n ,Pantun Bahasa Jawa
"Juragan pisau makan buah \n Buah kotor kena tinta, \n Jangan risau jangan gundah \n Karena derita bumbu cinta \n ",Pantun Cinta
Ke cimanggis membeli kopiah \n Kopiah indah kan kau dapati \n Begitu banyak gadis yang singgah \n Hanya dinda yang memikat hati \n ,Pantun Jenaka
Manchester City dua; \n Arsenal kosong. \n terlepas dari tipu-daya cintanya; \n kini hatiku terasa plong. \n ,Pantun Cinta
Habis dikerat dicincang lumat \n Patinya diaduk dijadikan obat \n Dunia akhirat takkan selamat \n Kecuali minta ampun nasuha tobat \n    \n Surat ditulis dalam gelap \n Salah huruf banyak tak kena \n Jagalah diri jangan silap \n Jika silap dapat bencana \n ,Pantun Agama
Kalau ada air bersih \n Bolehlah kita menggunakannya \n Kalau kamu ingin lingkunganmu bersih \n Buanglah sampah pada tempatnya \n ,Pantun Alam
Makan pagi sepiring berdua \n Rasanya enak tiada tara \n Awas cowok pandai menggoda \n Diam-diam watak buaya \n ,Pantun Jenaka
"Beli kentang dibuat rujak.. , \n Biar mantap ditambah sambal.., \n Tidur terlentang tiada nyenyak.., \n Tidur tengkurap ada yang mengganjal.. \n ",Pantun Jenaka
Anak ayam turun sepuluh \n Mati satu tinggal sembilan \n Bangun pagi sembahyang subuh \n Agar dapat ampunan tuhan \n ,Pantun Agama
Anak ayam turunnya lima \n Mati satu tinggalah empat \n Turut mengikut alim ulama \n Supaya betul jalan selamat \n ,Pantun Agama
"Sang saka merah putih berkibar, \n Tampak indah melambai-lambai, \n Semangat juang kami terus berkobar, \n Agar indonesia makmur Tergapai \n ",Pantun Kemerdekaan
Sinta adalah adiknya Santi \n Kakak duduk adik berdiri \n Hilang bunga bisa diganti \n Kehilangan kamu kemana dicari \n ,Pantun Cinta
"Lama sudah tak bertemu, \n bertemu sekali meminum jamu. \n Jauhkan malas dari hidupmu, \n Pastilah cerah masa depanmu. \n ",Pantun Nasihat
"Duduk anteng, \n nungguin loyang. \n Abang ganteng, \n mau dong digoyang. \n ",Pantun Cinta
Apa guna berkain batik \n Kalau tidak dengan sujinya \n Apa guna beristeri cantik \n Kalau tidak dengan budinya \n ,Pantun Budi
Pergi ke pasar membeli buka \n coba lh pilih warna baru \n jika kamu bilang i love you \n aku bilang i love you too \n ,Pantun Budi
Kemanapun kaki melangkah \n Aku selalu mengurai doa \n Kemanapun cinta merambah \n Aku selalu mengurai setia \n ,Pantun Cinta
Daun tetap di atas dulang \n Anak udang mati dituba \n Dalam kitab ada terlarang \n Perbuatan haram jangan dicoba \n ,Pantun Agama
Hujan angin tak jadi pergi \n Hujan reda pergi ke pantai \n Di sekolah jangan berkelahi \n Jika berkelahi tak jadi pandai \n ,Pantun Pendidikan
Jangan mengipas-ngipas arang \n Kalau dikipas banyak baranya \n Jangan memanas-manaskan orang \n Kalau panas banyak maraknya \n ,Pantun Nasihat
Maluku penghasil pala \n Tanah sumba banyak kuda \n Lihat kamu pusing kepala \n Tidak bertemu sakit di dada \n ,Pantun Cinta
"Jual betik dengan kandil, \n Kandil buatan orang Inggeris, \n Melihat buaya menyandang bedil, \n dan kerbau tegak berbaris \n ",Pantun Jenaka
Lebih baik warna kuning \n daripada warna ungu \n Lebih baik gigi kuning \n daripada putih tapi palsu \n ,Pantun Jenaka
"Berkobar kobar semangat membara, \n Membela rakyat, membina negara, \n Menjulang impian rakyat jelata, \n Membina martabat sebuah bangsa \n ",Pantun Kemerdekaan
Banyak orang menumpuk harta \n nasib buruk pula yang diterima \n Cinta sejati mengarahkan kita \n menuju surga bersama-sama \n ,Pantun Cinta
"Memancing ikan di tengah kali, \n Memakai umpan berupa cacing, \n Badannya sangat luas sekali, \n Berbulu banyak tak berdaging? \n (Jawabnya: Jawabannya: Karpet) \n ",Pantun Teka-Teki
Panjang ekor ikan pari \n Meski panjang tidak berduri \n Jalan-jalan di sore hari \n melepas penat damaikan diri \n ,Pantun Cinta
Ikan berenang di dalam lubuk \n  Ikan belida dadanya panjang \n Adat pinang pulang ke tampuk \n  Adat sirih pulang ke gagang \n ,Pantun Adat
Gulali manis dirasa \n Dirasa sambil bersua ria \n Teraturlah dalam berpuasa \n Kau kan rasakan manfaatnya \n ,Pantun Berbalas
Kancil melompat katak heran \n Katak lompat pelan-pelan \n Sebentar lagi kita liburan \n Ingin aku jalan-jalan \n ,Pantun Anak-anak
Musim kemarau kering kerontang \n Musim penghujan segera datang \n Bertani janganlah banyak hutang \n Lintah darat selalu menghadang \n ,Pantun Pendidikan
Dengar lagu berirama \n Tersenyumlahlah si adik manja \n Mari main bersama-sama \n Jangan duduk sendiri saja \n ,Pantun Anak-anak
Tinta hitam untuk menulis \n Pensil warna untuk meluis \n Ilmu itu tak kan pernah habis \n Turun temurun keahli waris \n ,Pantun Pendidikan
Jika tuan tajuk cendana \n Ambil gantang sukatkan mulut \n Jika tuan memang bijak laksana \n Binatang apa bertanduk di mulut? \n (Jawabnya: Nyamuk) \n ,Pantun Teka-Teki
Padang temu padang baiduri \n Tempat raja membangun kota \n Bijak bertemu dengan jauhari \n Bagaikan cincin dengan permata \n ,Pantun Nasihat
Jikalau kita bertanam padi \n Senanglah makan adik-beradik \n Jikalau kita bertanam budi \n Orang yang jahat menjadi baik \n ,Pantun Budi
Buah berangan di rumpun pinang \n Limau kasturi berdaun muda \n Kalau berkenan masuklah meminang \n Tanda diri beradat budaya \n ,Pantun Adat
Duduk d dalam kamar \n lama duduk sakit kaki \n macam mana aku mw melamar \n aq sudah ke lain hati \n ,Pantun Budi
Pucuk pauh selara pauh \n Sembilu ledung ledungkan \n Adik jauh Abangnda jauh \n Bila rindu sama menungkan \n ,Pantun Perpisahan
Di Bandar banyak orang \n hilir mudik kanan dan kiri \n Tak pernah pudar kasih sayang \n Tambah erat hari ke hari \n ,Pantun Cinta
"Kuda sembrani, \n larinya kencang. \n Kalau berani, \n nyatain dong sekarang. \n ",Pantun Cinta
Anak tani mengutip lokan \n Lokan dikutip untuk dimakan \n Sayang anak tangan-tangankan \n Sayang isteri tinggal-tinggalkan \n ,Pantun Perpisahan
Meler-meler ingus keteter \n Sampai sakit di kepala \n Hati-hati sering teler \n Bikin kamu meninggal dunia \n ,Pantun Jenaka
"Air dan api slalu berlawanan, \n Langit dan bumi adalah berjauhan. \n Kalau hati penuh kedengkian, \n Siaplah orang yang mau berteman. \n ",Pantun Agama
Burung perkutut \n Burung kutilang \n Kamu kentut \n Nggak bilang bilang \n ,Pantun Jenaka
"Pohon jati tumbuh berjajar, \n pandai berpantun orang Banjar. \n Kalau kita malas belajar, \n cita-cita takkan terkejar. \n ",Pantun Nasihat
Pergi berlatih main bola \n Lari pemanasan satu putaran \n Niat hati ingin nonton bola \n Apalah daya emak lagi nonton uttaran \n ,Pantun Jenaka
"Liburan sekolah telah menanti \n Berlibur bersama kawan \n Ilmu dunia & akhirat harus dicari \n Guru, jasamu takkan terlupakan \n ",Pantun Guru
Kalau tuan mencari buah \n Sahaya pun mencari pandan \n Jikalau tuan menjadi nyawa \n Sahaya pun menjadi badan. \n ,Pantun Cinta
"Ibu memakai sebuah gelang, \n Perut lapar segera makan. \n Lima waktu janganlah hilang, \n dimanapun selalu tunaikan. \n ",Pantun Nasihat
Bu Dinda membeli tomat \n Beli tomat di Pasar Minggu \n Untukmu guru yang terhormat \n Semoga engkau sehat selalu \n ,Pantun Guru
Beribu-ribu pohon beringin \n hanya satu si pohon randu \n saat malam terasa dingin \n hanya wajahmu yang aku rindu \n ,Pantun Cinta
Bulan rajab bulan syaaban \n tanam padi berimbun daon \n tinggal sekejap rasa sebulan \n tinggal sehari rasa setahun. \n ,Pantun Budi
"Dari jauh datangnya tamu, \n Hanya untuk mencari ikan. \n Izinkan aku mencintaimu, \n cinta selalu sepanjang zaman. \n ",Pantun Cinta
Ada haruan dan sepat \n Boleh masak gulai lemak \n Betul aqidah pahalapun dapat \n Kesan tarbiyah oleh ulama \n ,Pantun Ibu
Jadi orang jangan pelupa \n Kalau pelupa seperti nini-nini \n Tak enak hati untuk menyapa \n Karena orang baru di daerah sini \n ,Pantun Berbalas
Bila datang bayang-bayang \n Bintang bersinar berkelipan \n Bila memang ia sayang \n Lembah lembut tuturnya sopan \n ,Pantun Cinta
"Kalau ada sumur diladang.., \n Bolehlah kita menggosok gigi.., \n Kalau anda di warung padang.., \n Bolehkah kita ditraktir lagi.. \n ",Pantun Jenaka
Bunga lada tingginya sama \n Petik setangkup bunga melati \n Kanda pergi terlalu lama \n Manakah sanggup dinda menanti \n ,Pantun Perpisahan
Jika sudah namanya cinta \n Hati suka berbunga-bunga \n Kalau sudah terbawa suasana \n Senyum sendiri kayak orang gila \n ,Pantun Jenaka
Ayah pergi membeli tembaga \n Dipakai untuk merekatkan parang \n Apabila ingin masuk surga \n Sering mengaji dan sembahyang \n ,Pantun Agama
Parang ditetak ke batang sena \n Belah buluh taruhlah temu \n Barang dikerja takkan sempurna \n Bila tak penuh menaruh ilmu \n ,Pantun Nasihat
Hari rabu memetik salak \n Buahnya segar hilang dahaga \n Hormati Ibu juga Bapak \n Agar kelak masuk surga \n ,Pantun Nasihat
Gunung Merapi rupane biru \n dicedaki dadi ijo wit-witan cemara \n Menawi kula gadhah keliru \n nyuwun agenging samudra pangapura \n ,Pantun Bahasa Jawa
Sore-sore makan sekoteng \n Belanjanya di pasar minggu \n Abang sayang yang ganteng \n Neng disini selalu menunggu \n ,Pantun Cinta
"Baca mantra, mantra yang manjur \n Moga saja bisa dapatkan dia \n Jadilah orang yang jujur \n Moga-moga besar pahalanya \n ",Pantun Bijak
Buah budi bedara mengkal \n Masak sebiji di pinggir pantai \n Hilang budi bicara akal \n Buah apa yang tidak bertangkai? \n (Jawabannya: Buah hati) \n ,Pantun Teka-Teki
"Orang menganyam sambil duduk, \n Bila sudah bawa ke balai, \n Melihat ayam memakai tanduk, \n Datang musang meminta damai \n ",Pantun Jenaka
Di pinggir kolam makan bubur \n Jangan lupa pakai keripik \n Dari semalem aku ga bisa tidur \n Selalu teringat wajah mu yg cantik \n ,Pantun Cinta
Hayam Wuruk raja termahsyur \n Gajah Mada pemersatu Bangsa \n Cinta ilmu sepanjang umur \n Cinta bangsa sepanjang masa \n ,Pantun Pendidikan
Beribu-ribu kain batik \n Hanya satu yang tertimpa pena \n Beribu-ribu gadis cantik \n Cuma dirimu yang mempesona \n ,Pantun Cinta
Beli kain warna nya merah \n Dari kediri pake nya batik \n Di godain jangan marah \n Salah sendiri punya wajah cantik \n ,Pantun Cinta
Nasi uduk masih anget \n Beli nye di pinggir jalan \n Yang lagi duduk manis banget \n Boleh ga kite kenalan \n ,Pantun Cinta
Jalan-jalan ke gunung salak \n Jangan lupa membeli kemiri \n Kalau bumi kita rusak \n Pasti kita yang akan merugi \n ,Pantun Alam
Bila tuan tajuk cendana \n Ambil padi sukatkan padi \n Bila tuan memang bijaksana \n Binatang apa bertanduk di kaki? \n (Jawabnya: Ayam jantan) \n ,Pantun Teka-Teki
"Kalau kamu membeli tikar, \n Tikar terbuat dari mengkuang, \n Kalau kamu memang pintar, \n Ular apa yang melilit pinggang? \n (Jawabannya: Ikat Pinggang) \n ",Pantun Teka-Teki
"Pergi bertemu si pandai besi, \n Dia mengasah pedang biasa, \n Dicari-cari sulit sekali, \n Andai ketemu dibuang ia? \n (Jawabannya: Upil) \n ",Pantun Teka-Teki
"Air jeruk dalam kulkas, \n makan roti dengan keju. \n Niatlah belajar dengan ikhlas, \n hanya Allah yang dituju. \n ",Pantun Nasihat
"Rintik rintik turun hujan.., \n Masuk kamar sama teman.., \n Gadis cantik jadi pujaan.., \n Mau dilamar kok hamil duluan... \n ",Pantun Jenaka
Burung nuri burung dara \n Terbang ke sisi taman kayangan \n Cubalah teka wahai saudara \n Semakin diisi makin ringan? \n (belon) \n ,Pantun Teka-Teki
"Apa tanda orang istana, \n semua barang selalu baru. \n Apa tanda tumbuh cinta, \n terasa di dada rasa cemburu \n ",Pantun Cinta
Kue rangin rasanya manis.. \n Kue tar bukanlah lapis.. \n Malam dingin hujan gerimis.. \n Sebentar bentar kebelet pipis.. \n ,Pantun Jenaka
Bunga disiram takkan layu \n Slalu berbunga tiada jemu \n Jangan takut kehilanganku \n aku tak akan pergi darimu \n ,Pantun Cinta
Sakit kaki merah mamar \n pagie berobat k urang paloh \n mcm mne gtok e nk melamar \n sigek padi pun daan betaroh \n ,Pantun Budi
Di antara padi dengan selasih \n Yang mana satu tuan luruh kan \n Di antaracbudi dengan kasih \n Yang mana satu tuan turutkan \n ,Pantun Budi
Orang Sasak pergi ke Bali \n Membawa pelita semuanya \n Berbisik pekak dengan tuli \n Tertawa si buta melihatnya \n ,Pantun Jenaka
Kera di hutan cekat melompat \n Si pemburu memasang jerat \n Hina sangat sifat mengumpat \n Dilaknat Allah dunia akhirat \n ,Pantun Agama
Mudah pula mengail ikan \n Ada haruan dan sepat \n Dengan ilmu terus diamalkan \n Betul aqidah pahalapun dapat \n ,Pantun Ibu
Melihat berita yang sedang tayang \n Beritanya tentang sebuah penelitian  \n Cinta bukanlah sekedar kasih sayang \n Melainkan sejauh mana sebuah kesetiaan \n ,Pantun Cinta
Buah budi bidara mengkal \n Masak sebiji di tepi pantai \n Hilang budi bicara akal \n Buah apa tidak bertangkai? \n (buah hati) \n ,Pantun Teka-Teki
Good morning \n Selamat pagi \n Gigi kuning \n Ga pernah gosok gigi \n ,Pantun Jenaka
Hari minggu sudahlah siang.. \n Setelah siang datanglah petangâ€¦ \n Ditunggu tunggu tak juga datangâ€¦ \n Sekalinya datang kok nagih utangâ€¦ \n ,Pantun Jenaka
Menantunya pula Lela Sari \n Semua melihat jatuh berahi \n Selagi ugama tidak diingkari \n Sebarang perintah wajib dipatuhi \n ,Pantun Agama
Pisau lipat dimainnya kera \n Tangannya luka lalu terjun \n Makan kuat tidak terkira \n Kenyangnya tidak tahi bertimbun? \n (api) \n ,Pantun Teka-Teki
"Dina merenung suaranya sumbang, \n Duduk bersantai dan telah pasrah, \n Dia berdengung tapi bukan kumbang, \n Punya belalai namun bukan gajah? \n (Jawabannya: Lebah) \n ",Pantun Teka-Teki
Berjalan di malam kelam \n Ada baiknya mengajak berteman \n Mengapa pungguk rindukan bulan \n Bunga banyak kembang ditaman \n ,Pantun Perpisahan
Kalau tuan pergi ke Tanjung \n Belikan sahaya pisau lipat \n Kalau tuan menjadi burung \n Sahaya menjadi benang pengikat \n ,Pantun Cinta
Orang bijak santun bicaranya \n Orang baik santun prilakunya \n Orang pinter cepat berfikirnya \n Orang stress nyetatus melulu kerjanya ğŸ˜› \n ,Pantun Jenaka
Asam kandis asam gelugur \n Ketiga asam si riang-riang \n Menangis mayat di pintu kubur \n Teringat badan tidak sembahyang \n ,Pantun Agama
Sungguh nikmat bahagia bersama \n Bersama menghabiskan waktu kosong \n Doa tanpa usaha adalah percuma \n Usaha tanpa doa adalah sombong \n ,Pantun Nasihat
Hilir rakit berkajang kain \n Dimana teluk singgah bertimba \n Niatku bukan pada yang lain \n Adinda seorang tiada yang kedua \n ,Pantun Perpisahan
Ada soâ€™imah \n Megang kayu \n Terus masalah \n buat you? \n ,Pantun Jenaka
Kini kita dapat tertawa puas \n Menggapai mimpi dengan bebas \n Asal rajin dan tak malas \n Melanjutkan kemerdekaan dengan tegas \n ,Pantun Kemerdekaan
Melukis indah di sehelai kain \n Patut dihargai hasil karyanya \n Jangan pernah meremehkan orang lain \n karena belum tentu kau lebih baik darinya \n ,Pantun Nasihat
Ayam jantan si ayam jalak \n Jaguh siantan nama diberi \n Rezeki tidak saya tolak \n Musuh tidak saya cari \n ,Pantun Budi
Memasang foto tempatnya di dinding \n Membawa mobil untuk dilelang \n Gajah mati meninggalkan gading \n Manusia mati meninggalkan utang \n ,Pantun Jenaka
Kemacetan jalan Jakarta; \n bukan karena si Komo lewat. \n sejak kita menjalin cinta; \n ngelakuin apapun aku jadi makin semangat. \n ,Pantun Cinta
Enak rasanya es campur \n Ditemani dengan rujak \n Bermain di tanam lumpur \n Naik kerbau yang membajak \n ,Pantun Anak-anak
Burung camar di tepi pantai \n Pantai indah banyak ombaknya \n Jadilah kamu anak yang pandai \n Sudah pasti banyak temannya \n ,Pantun Anak-anak
"Pohon tinggi jatuh membayang, \n jalan setapak dari Ketapang. \n Siapa yang rajin sembahyang, \n sejuk di hati dadapun lapang. \n ",Pantun Nasihat
Koar-koar masalah tunjangan \n Sampai-sampai semua tidak sabar \n Coba lihat masalah lingkungan \n Yang rusak karena tercemar \n ,Pantun Alam
Pinggir sungai banyak nipah \n sayang airnya terasa sepah \n Kasih sayang semakin berlimpah \n jadikan hidupku semakin indah \n ,Pantun Cinta
Bunga cantik namanya seroja \n Hewan lentik namanya rusa \n Jalan-jalan ke mana saja \n Mungkin ke kota atau ke desa \n ,Pantun Anak-anak
Buah mangga dipetik Ata \n Mangga mantap itu punya Pak Ari \n Ayo bersama jaga lingkungan kita \n Agar tetap aman dan asri \n ,Pantun Alam
"Kalau tuan bawa keladi, \n Bawa juga sipucuk rebung, \n Kalau tuan bijak bestari, \n Apa binatang tanduk di hidung? \n (Jawabannya: Badak) \n ",Pantun Teka-Teki
Ikan sepat dimasak berlada \n Kutunggu digulai anak seberang \n Jika tak dapat pada masa muda \n Kutunggu sampai beranak seorang \n ,Pantun Cinta
Sungguh Tega membuka aib \n Membuat orang menjadi marah \n Jangan putus asa dengan nasib \n Karena nasib bisa diubah \n ,Pantun Nasihat
Jika tuan pakai lencana \n Pakailah songkok di atas kepala \n Jika tuan memang bijaksana \n Binatang apakah tak berkepala? \n (Jawabannya: Ketam/Kepiting/yuyu) \n ,Pantun Teka-Teki
"Artis ngondek, \n senyumannya membius. \n Ga masalah pendek, \n yang penting kamu religius. \n ",Pantun Cinta
Hujan turun belum reda \n Airnya rembes dari talang \n Berpetualang selagi muda \n Hatimu bebas bagaikan elang \n ,Pantun Anak-anak
"Ada budak membuang dedak \n Penuh setimba di celah batu \n Berdua tidak, bertiga pun tidak \n Kekasih hamba hanyalah satu \n ",Pantun Cinta
Kalau ada jarum yang patah \n Jangan simpan dalam peti \n Kalau ada kata yang salah \n Jangan simpan dalam hati \n ,Pantun Nasihat
"Jalan-jalan ke kota paris., \n Banyak rumah berbaris-baris., \n Biar mati diujung keris., \n Asal dapat dinda yang manis. \n ",Pantun Jenaka
Indah sekali pintu dipahat \n Bergambar daun dan dahan \n Kalau ingin hidup selamat \n Taat selalu perintah tuhan \n ,Pantun Agama
Ucapkan kata dengan suara \n Kata jelas suara pun jernih \n Jika bicara lihatlah suasana \n Gunakan kata secara terpilih \n ,Pantun Pendidikan
"Menek wit pelem ora kudu ahli, \n jalaran duwure ranganti rong meter \n Sugeng riyadi Idul Fitri, \n donga-dinonga kita satya ning dalan bener \n ",Pantun Bahasa Jawa
Burung merpati terbang ke bawa \n Hinggap gembira di pohon mangga \n Murung dihati terkenang ayah \n Mengadap pusara ku mohon doa tiada terhingga \n ,Pantun Ayah
"Kota bintan banyak perunggu \n kota ciamis membangun tugu.... \n Janji kenan di malam minggu.. \n Tapi gerimiz udah menunggu,, \n ",Pantun Budi
Dua Mei hari pendidikan \n Hari lahir Ki Hajar Dewantara \n Jika orang tidak berpendidikan \n Seumur hidup bakal sengsara \n ,Pantun Pendidikan
Harban Dewa anaknya Zanggi \n Manis rupanya elok bercahaya \n Jika perempuan taatkan laki \n Beroleh surga Jannatul Mahwa \n ,Pantun Agama
Kalau kau pergi ke dusun \n Jangan lupa bawa beras \n Belajarlah dengan tekun \n Supaya kau naik kelas \n ,Pantun Pendidikan
"Paman sedang menebang bambu, \n Untuk tiang bendera, \n Dirgahayu Indonesia ku, \n Salam Merdekaaaaaa \n ",Pantun Kemerdekaan
Nangka muda digulai lemak \n Buah keranji masak tersangkut \n Harta dunia jangan di tamak \n Kalau mati tak akan mengikut \n ,Pantun Agama
"Terburu-buru ke kamar mandi, \n Ternyata lupa membawa sabun, \n Coba tebak apakah ini, \n Selalu naik tak pernah turun? \n (Jawabannya: Umur) \n ",Pantun Teka-Teki
Ikan berenang lubuk \n Ikan belida dadanya panjang \n Adat pinang pulang ke tampuk \n Adat sirih pulang ke gagang \n ,Pantun Adat
Buah itu jangan dipetik \n Susah payah saat ditanam \n Engkaulah gadis tercantik \n Kuimpikan siang dan malam \n ,Pantun Cinta
Kalau ranting sudah bertangkai \n Janganlah dililit-lilit juga \n Kalau berunding sudah selesai \n Jangan diungkit-ungkit juga \n ,Pantun Nasihat
Kain basurek kain bertulis \n Pakaian raja Bugis - Makassar \n Di Luh Mahfuz sudah tertulis \n Janji sudah tak dapat ditukar \n ,Pantun Agama
Kemuning di tengah balai \n Bertumbuh terus semakin tinggi \n Berunding dengan orang tak pandai \n Bagaikan alu pencungkil duri \n ,Pantun Nasihat
Laksamana berbaju besi \n Masuk ke hutan melanda-landa \n Hidup berdiri dengan saksi \n Adat berdiri dengan tanda \n ,Pantun Adat
Hari Minggu cuacanya indah \n Berlibur yang tepat di hari Minggu \n Bapak guru yang terlihat gagah \n Salam hormat kami untukmu \n ,Pantun Guru
Ikan berenang kejar sampan \n Mencari sahabat mencari teman \n Tidak kaya tidak tampan \n Tapi kau buatku nyaman \n ,Pantun Cinta
Tante Mayang istrinya jaksa \n Membeli bubur dikasih laksa \n Tidak sembahnyang tidak puasa. \n Di dalam kubur pasti disiksa. \n ,Pantun Agama
Tubuh dijirat paduka tuan \n Tidak cacat tidak selia \n Didalam surga ada penantian \n Hanya untuk yang beramal mulia \n ,Pantun Agama
Makan buah jeruk rasanya asam \n Sama rasa dengan buah mangga \n Ayo kawan mari lestarikan alam \n Agar bumi selalu terjaga \n ,Pantun Alam
Bunga mawar tangkai berduri \n Laris manis pedang cendol \n Aku tersenyum malu sekali \n Ingat dulu suka mengompol \n ,Pantun Jenaka
Naik ke bukit membeli lada \n Lada sebiji dibelah tujuh \n Apanya sakit berbini janda \n Anak tiri boleh disuruh \n ,Pantun Jenaka
Sungguh indah kerajinan rotan \n Dibuat menarik oleh pengrajinnya \n Mari kita menjaga hutan \n Jangan sampai kita merusaknya \n ,Pantun Alam
Setiap pagi makan bubur \n Lengkap dengan segelas susu \n Setiap saat slalu tertidur \n kuingin kau ada di mimpik \n ,Pantun Cinta
Benih padi sedang ditebar \n Burung mematuk sedang dikejar \n Ayahku memang sangat penyabar \n Jadilah aku suka belajar \n ,Pantun Anak-anak
Minah ketawa terjerit-jerit \n Melihat koyak pada seluar \n Orang putih duduk sederet \n Pagar didalam tebing diluar? \n (gigi) \n ,Pantun Teka-Teki
Bunga kenanga di atas kubur \n Pucuk sari pandan Jawa \n Apa guna sombong dan takabur \n Rusak hati badan binasa \n ,Pantun Agama
Walau hanya sebuah jambu \n Namun ini bisa diramu \n Walau kita jarang bertemu \n Cinta ini hanya untukmu \n ,Pantun Cinta
"Sungguh bahaya ular berbisa, \n bila tergigit akan koma, \n sungguh bahagia kurasa, \n bila kita slalu bersama. \n ",Pantun Cinta
Jangan senang memfitnah orang \n Orang benci Tuhan pun murka \n Jangan senang melalaikan sembahyang \n Jika mati masuk neraka \n ,Pantun Agama
Hari minggu sudahlah siang.. \n Setelah siang menuju petang... \n Ditunggu tunggu gak jua datang... \n Sekali datang kok nagih utang... \n ,Pantun Jenaka
Enaknya gulai ditambah roti \n Untuk bekal dalam pedati \n Sudah pandai rendah hati \n Pastilah dia lelaki sejati \n ,Pantun Cinta
Single bukanlah takdir; \n tapi tangga menuju kedewasaan. \n bukalah cinta dari semua tabir; \n biar hidupmu dalam lingkup kebahagiaan. \n ,Pantun Cinta
Ikan belanak hilir berenang \n Burung dara membuat sarang \n Makan tak enak tidur tak tenang \n Hanya teringat dinda seorang \n ,Pantun Cinta
Jalan-jalan ke Ciamis \n Ada gedung parkirnya gratis \n Aku cinta sama si kumis \n orangnya ganteng lagi romantis \n ,Pantun Cinta
Membaca buku di meja makan \n Setelah dibaca terasa sulit \n Jika cinta tak diungkapkan \n Bersiaplah menerima rasa sakit \n ,Pantun Cinta
Gunung Jati anak Rara Santang \n dicintai juga disayang \n Walau banyak godaan datang \n teguh hatiku tak pernah goyang \n ,Pantun Cinta
Menendang bola mengenai mistar \n Penonton protes yang tidak perlu \n Jika kau merasa paling pintar \n Kucing apa yang tidak berbulu ? \n ( Jawabannya : Kucing Sphynx ) \n ,Pantun Teka-Teki
"Cik Limah bersama anak lelaki \n Duduk makan keropok lekor \n Yang mengejar tidak berkaki, \n Yang dikejar tiada berekor? \n (ular dan katak) \n ",Pantun Teka-Teki
Anjing bermain dengan tali \n Kera duduk membaca koran \n Bagaimana hati tak geli \n Kepala botak suka sisiran \n ,Pantun Jenaka
"Hidup Ini Hanya Sementara \n Peluang yang ada digunakan sebaiknya \n I Love U Ayah Selama-Lamanya \n Now I Know, bukan mudah menjadi seorang bapa \n ",Pantun Ayah
Banyak bulan perkara bulan \n Tidak semulia bulan puasa \n Banyak tuhan perkara tuhan \n Tidak semulia Tuhan Yang Esa \n ,Pantun Agama
Sungguh indah syair setanggi \n Menyusun kata bagai hiasan \n Ilmu itu mesti tinggi \n Jangan dunia sebagai batasan \n ,Pantun Nasihat
"Hidup aman di dalam kota, \n Ada pemimpin bernama raja; \n Buruh-buruh rajin bekerja, \n Askar bertugas setiap masa. \n (anai-anai/semut) \n ",Pantun Teka-Teki
Teman kamu apa kabar \n Nyalakan api agar selalu berkobar \n Wahai teman bertahanlah dan bersabar \n Dunia tau mana yang benar \n ,Pantun Bijak
"Burung terbang menggunakan sayap \n Terbang tinggi tak ada yang melampaui \n Guru, jangan pernah lelah dan lelap \n Didik kami hingga menjadi orang besar nanti \n ",Pantun Guru
"Makan semangka, \n makan kedondong. \n Kalau suka, \n nyatain dong. \n ",Pantun Cinta
"Jangan pernah ke selokan, \n nanti kotor ditertawakan, \n jangan pernah ragukan, \n janji setia yg ku ikrarkan. \n ",Pantun Cinta
"Banyak semut diatas papan, \n Sedang makan gula-gula, \n Selamat menyambut hari kemerdekaan, \n Merdeka Merdeka Merdeka \n ",Pantun Kemerdekaan
"Beli ketan, \n beli kain songket. \n Biar udah mantan, \n kita tetep lengket. \n ",Pantun Cinta
Menanam kelapa di Pulau Bukum \n Tinggi sedepa sudah berbuah \n Adat bermula dengan hukum \n Hukum bersandar di Kitab Allah \n ,Pantun Adat
"Sungguh kusam rumah kosong \n Tidak mencerminkan sebuah kebersihan \n Jangan pernah berlaku sombong \n Karena sombong, awal dari kejatuhan \n ",Pantun Nasihat
Kayu cendana di atas batu \n Sudah diikat dibawa pulang \n Adat dunia memang begitu \n Benda yang buruk memang terbuang \n ,Pantun Nasihat
"Janganlah kau suka mengolok, \n Bisa-bisa rugi akhirnya, \n Ialah daun tak punya pokok, \n Setiap bangunan memilikinya? \n (Jawabannya: Pintu) \n ",Pantun Teka-Teki
"Burung nuri burung dara, \n Terbangnya di sekitar layangan, \n Cobalah cari wahai saudara, \n makin diisi makin ringan, \n (Jawabannya: Balon) \n ",Pantun Teka-Teki
"Sebuah benda bentuknya bulat, \n Ianya ada dari pada besi, \n Jika bermain diikat kuat, \n Dilempar hidup dipegang mati? \n (Jawabannya: Gasing) \n ",Pantun Teka-Teki
Minum kopi bersama nana \n Kopi susu begitu nikmatnya \n Manfaat sehat kita bahagia \n Bisa berhemat dikala muda \n ,Pantun Berbalas
Wangi nian kembang kenanga \n Manalah indah pohon ara \n Naik gunung mencari bunga \n Hati senang riang gembira \n ,Pantun Anak-anak
"Makan bubur di atas mejaâ€¦, \n Minumnya jus di balik rakâ€¦, \n Hari libur terus bekerja.., \n Dapat bonus ambilnya di ira,  wkwk \n ",Pantun Jenaka
Ada orang Bengkulu dijitak \n Di jitak sama orang Batak \n Selama jantungku berdetak \n Cintaku tak akan luluh lantak \n ,Pantun Cinta
"Harga Ayam tiba-tiba melambung pula \n Macam-macam alasan kononnya,,, \n Kenangan bersama Ayah sukar dilupa \n Mendidik diri q hingga berjaya,,,, \n ",Pantun Ayah
"Makan bubur diatas meja..., \n Minumnya jus diatas rak..., \n Hari libur tetap bekerja.., \n Dapat bonus ambilnya di irak... \n ",Pantun Jenaka
Sapi putih tarik pedati \n Pedatinya bergoyang-goyang \n Ayah selalu baik hati \n Aku ditimang slalu disayang \n ,Pantun Anak-anak
Anak teruna tiba di darat \n Dari Makasar langsung ke Deli \n Hidup di dunia biar beradat \n Bahasa tidak dijual beli \n ,Pantun Adat
Masak ayam masak tumis.. \n Iris tipis sampai habis.. \n Selasa malam hujannya gerimis.. \n Dompet tipis makin kritis. \n ,Pantun Jenaka
"Hari jumat hujan lebat, \n awan mendung hitam pekat, \n rayuanmu sungguh hebat, \n mampu membuatku terpikat. \n ",Pantun Cinta
Pergi ke pasar beli tekwan \n Tapi sayang di panggang jadi item \n Jika kamu penyayang hewan \n Kenapa anak kucing dan anjing suka berantem? \n ( Jawabannya : Yah namanya juga anak - anak ) \n ,Pantun Teka-Teki
"Kalau ada sumur diladang.., \n Bolehlah kita menggosok gigi.., \n Kalau anda diwarung padang.., \n Bolehkah kita ditraktir lagi.. \n ",Pantun Jenaka
Buah belimbing kesukaan kalong \n Lu kayak kambing pas lagi monyong ğŸ˜› \n ,Pantun Jenaka
Limau purut lebat di pangkal \n Sayang selasih condong uratnya \n Angin ribut dapat ditangkal \n Hati yang kasih apa obatnya \n ,Pantun Cinta
"Ulang tahun nenek tanggal 2, \n Dirayakan di hari minggu, \n Selamat HUT RI yang ke 72, \n Semoga Indonesia tetap bersatu \n ",Pantun Kemerdekaan
Sakit kaki ditikam jeruju \n Jeruju ada di dalam paya \n Sakit hati memandang susu \n Susu ada dalam kebaya \n ,Pantun Jenaka
Banyak orang menggali perigi \n Ambil buluh kemudian diikat \n Ilmu dicari tak akan rugi \n Untuk bekal dunia akhirat \n ,Pantun Agama
Empek-empek bumbu cuka \n Lezat sekali dirasa lidah \n Ke kota aku sangat suka \n Ke desa pun banyak yang indah \n ,Pantun Anak-anak
"Terbang tinggi si burung helang \n Hinggap di atas pohon meranti \n Anak ramai ibunya seorang, \n Bila bergesel berapi-rapi? \n (mancis) \n ",Pantun Teka-Teki
Kolam penuh ikan sepat \n Untuk dimasak di daun talas \n Kalau ingin ilmu manfaat \n Cari guru yang tulus ikhlas \n ,Pantun Nasihat
Pohon nangka berbuah lebat \n Bilalah masak harum juga \n Berumpun pusaka berupa adat \n Daerah berluhak alam beraja \n ,Pantun Adat
"Tempat duduknya sangat tinggi, \n Namun ia bernasib malang, \n Saat malam ia berseri, \n Bila siang ia menghilang? \n (Jawabannya: Bintang) \n ",Pantun Teka-Teki
Tari piring tari saman \n Tari lilin apinya berpijar \n Al Quran adalah pedoman \n Rajin-rajinlah engkau belajar \n ,Pantun Nasihat
Pagi ini membaca koran \n Baca berita orang hilang \n Bermain kejar-kejaran \n Badan sehat hati pun senang \n ,Pantun Anak-anak
Tengoklah burung kutilang \n Terbang tinggi dia pulang \n Mari main dengan senang \n Jadi anak yang periang \n ,Pantun Anak-anak
Menanam kelapa di pulau Bukum \n Tinggi sedepa sudah berbuah \n Adat bermula dengan hukum \n Hukum bersandar di Kitabullah \n ,Pantun Adat
Pagi hari menonton berita \n Beritanya tentang kematian \n Jangan menangis karena cinta \n Karena cinta butuh pengorbanan \n ,Pantun Cinta
"Tinggi bayam berjengkal-jengkal, \n bayang dijinjing karena ringan. \n Kepada Allah bertawakal, \n tempat diri mohon pertolongan. \n ",Pantun Nasihat
Pasang bingkai ketok palu \n Pasang bingkai di rumah Wulan \n Untuk menyapa saya malu \n Apalagi mengajak untuk bekenalan \n ,Pantun Berbalas
Harga Ayam tiba-tiba melambung pula \n Macam-macam alasan kononnya \n Kenangan bersama Ayah sukar dilupa \n Mendidik kami hingga berjaya \n ,Pantun Ayah
Berenang jauh para ikan \n Mereka bebas hatinya senang \n Badan kurus kurang makan \n Kalau ditiup goyang-goyang \n ,Pantun Jenaka
"Hidup sederhana selalu hemat, \n itulah perintah syariat. \n Ayo muslimin dan muslimat, \n mari kita keluarkan zakat. \n ",Pantun Nasihat
Kalau berkitab sambil menulis \n Jangan sampai dawat terbuang \n Kalau bercakap di dalam majelis \n Jangan sampai mengumpat orang \n ,Pantun Nasihat
Sarapan pagi sambil baca koran \n Baca berita tentang batu apung \n Bayangkan jika tidak ada hutan \n Banyak air siapa yang menampung \n ,Pantun Alam
Jalan-jalan ke pinggir empang \n Nemu katak di pinggir empang \n Hati siapa tak bimbang \n Kamu botak minta dikepang \n ,Pantun Jenaka
Pensil baru penghapus baru \n Untuk sambut hari sekolah baru \n Bapak guru dan Ibu guru \n Terima kasih atas semua ilmumu \n ,Pantun Guru
Terbang tinggi  burung pelatuk \n Sambil memakan ikan kutuk \n Bahagianya dengarkan atuk \n Berdongeng sampai terbatuk-batuk \n ,Pantun Anak-anak
Tanam pula di tepi paya \n Mudah pula mengail ikan \n Membesarkan kita hingga berjaya \n Dengan ilmu terus diamalkan \n ,Pantun Ibu
Deras arus Kali Malang \n Naik perahu sangat lama \n Senang hati bukan kepalang \n Kalau cintaku kau terima \n ,Pantun Cinta
"Masih banyak perjuangan kita, \n Ingatlah semangat ketika merdeka, \n Satukan hati dan kerahkan usaha, \n Agar tercapai jua impian merdeka \n ",Pantun Kemerdekaan
Elok berjalan kota tua \n Kiri kanan berbatang sepat \n Elok berbini orang tua \n Perut kenyang ajaran dapat \n ,Pantun Jenaka
"Buah manggis buah markisa \n Buah nanas buah pepaya \n Nak, menangislah di hadapan orang tua \n Semoga doa terkabul olehnya \n ",Pantun Bijak
Burung pipt burung dara \n Bagus rupanya berwarna warni \n Agar alam tetap terjaga \n Janganlah kita mengotori \n ,Pantun Alam
"Asam lakum, \n batang tabu. \n Assamualaikum \n warormatunggalh hiwabarkatu. \n ",Pantun Budi
Kenanga putih ada di batu \n lalu di tuai dua pemuda \n terima kasih jika begitu \n baru damai rasa di dada \n ,Pantun Budi
Kain batik banyak sekodi \n Perca banyak dalam goni \n Turun ke sawah menanam padi \n Bermain lumpur seperti petani \n ,Pantun Anak-anak
"Bila tuan muda teruna, \n Pakai seluar dengan gayanya, \n Bila tuan bijak laksana, \n Biji di luar apa buahnya? \n (Jawabannya: Buah Jambu Mete) \n ",Pantun Teka-Teki
Kalau ada sumur diladang \n Boleh saya menumpang mandi \n Kalau ada umur yang panjang \n Boleh kita berjumpa lagi \n ,Pantun Perpisahan
Coba-coba menanam mumbang \n Moga-moga tumbuh kelapa \n Coba-coba bertanam sayang \n Moga-moga menjadi cinta \n ,Pantun Cinta
Ini musim masih penghujanâ€¦ \n Kata simbok jangan nakal.. \n Kalau muslim silahkan Jumatan.. \n Bawa gembok amankan sendal.. \n ,Pantun Jenaka
Air laut sedang pasang \n Air bisa membuat genangan \n Ikan bernapas dengan insang \n Paus bernapas dengan ? \n ( Jawabannya : Dengan izin Allah ) \n ,Pantun Teka-Teki
Tanam padi di tengah sawah \n Sawah subur hasil melimpah \n Pagi hari ke sekolah \n Sore hari ke madrasah \n ,Pantun Pendidikan
"Ada orang Maluku di jitak, \n dijitak sama orang Ba...tak, \n selama jantungku masih berdetak, \n cintaku tak akan luluh lantak. \n ",Pantun Cinta
"Bunga besar bunga raflesia, \n Bunga kecil bunga melati. \n Cepatlah taubat wahai manusia, \n Jangan menunggu sampai kau mati. \n ",Pantun Agama
"Ke salon creambath, \n biar aliran darah lancar. \n Bosen ah jadi sahabat, \n maunya jadi pacar! \n ",Pantun Cinta
Cari lebah bersarang besar \n Jangan tersengat racun berbisa \n Janji Allah adalah benar \n Jangan tertipu kehidupan dunia \n ,Pantun Agama
Lagi galau \n dihibur Upin Ipin. \n Bagaimana kalau \n kita tukeran Pin? \n ,Pantun Cinta
Hari minggu pergi ke museum \n Ke museum lewati hutan pohon cemara \n Cobalah saja dari tersenyum \n Sebelum mencoba untuk berbicara \n ,Pantun Berbalas
Terbang tinggi burung nuri \n Hendak menuju negeri peri \n Izinkan aku menjadi bidadari \n Mendampingimu sepanjang hari \n ,Pantun Cinta
Beli duku di toko latif \n Membelinya bareng si afif \n Cantik itu memang relatif \n Photoshop jadi alternatif \n ,Pantun Jenaka
Pergi ke pasar membeli Kepah \n Untuk dimasak sambal pedas \n Terima Kasih buat Ayah \n Kasih dicurah hanya Tuhan yang mampu membalas \n ,Pantun Ayah
Setangkai bunga indah menyihir \n terhirup baunya hati tertawan \n andai kita sudah di takdir \n hidup bersama jadi impian \n ,Pantun Budi
Di sana gunung di sini gunung \n Ditengah-tengahnya danau Toba \n Ke sana bingung ke situ bingung \n Lebih baik sekolah saja \n ,Pantun Pendidikan
Berakit-rakit ke hulu \n Berenang-renang ketepian \n Ayok berangkat ke penghulu \n Dari pada Cuma temenan \n ,Pantun Jenaka
Kancil terikat mulut meronta \n Datang kerbau sama buaya \n Kau membawakan aku cinta \n Ditambah dengan rasa setia \n ,Pantun Cinta
Sungguh bahaya ular berbisa \n Jika tergigit akan koma \n Sungguh bahagia terasa \n Bila kita selalu bersama \n ,Pantun Cinta
Koran dipakai membungkus ikan \n Ikan pari punya kesaktian \n Bukan hadiah yang kuharapkan \n Cukuplah  engkau beri perhatian \n ,Pantun Cinta
Burung perkutut \n burung kutilang \n Kamu kentut \n kagak bilang bilang \n ,Pantun Jenaka
"Pergi hutan cari herba dan rotan, \n pergi bersama pak mahat. \n Bangun pagi untuk kesihatan, \n pacak sepadu waja tanda sihat. \n ",Pantun Budi
"Mata belo, \n ala komedian. \n Gue sama elo? \n maunya jadian. \n ",Pantun Cinta
Kain tenun dari Sumbawa \n Kain batik dari Pekalongan \n Jika ingin jadi mahasiswa \n Sekolah Dasar jangan diabaikan \n ,Pantun Pendidikan
"Pohon ara dibuat gubuk.., \n Pasang pasak biar tegak.., \n Resiko asmara dunia facebook.. , \n Cinta ditolak blokir bertindak.. \n ",Pantun Jenaka
"Limau purut di tepi rawa, \n buah dilanting belum masak \n Sakit perut sebab tertawa, \n melihat kucing duduk berbedak \n ",Pantun Jenaka
Kalau tuan pergi ke Tanjung \n Kirim saya sehelai baju \n Kalau tuan menjadi burung \n Sahaya menjadi ranting kayu. \n ,Pantun Cinta
Burung terbang di atas turi \n hinggap sebentar di pohon kenari \n Kasih sayangku amatlah murni \n Bagai embun di pagi hari \n ,Pantun Cinta
"Marilah bersama bersatu dihati, \n Bersama membina bangsa Indonesia, \n Impian merdeka belum dikecapi, \n Bangun rakyat Indonesia, bangun bersama \n ",Pantun Kemerdekaan
Kalau keladi sudah ditanam \n Janganlah lagi meminta talas \n Kalau budi sudah ditanam \n Janganlah lagi meminta balas \n ,Pantun Nasihat
"Lupa Rabbi petanda tingkah \n Bicara agama rangkulan taqwa... \n Bapa, ayahanda dan abah \n Semesra nama simpulan jiwa.... \n ",Pantun Ayah
Bulan depan musim pancaroba \n Banyak hujan disertai badai \n Baiklah akan saya mencoba \n Tapi tak tau akan kapan dimulai \n ,Pantun Berbalas
Jangan suka makan mentimun \n Mentimun itu banyak getah nya \n Jangan suka banyak melamun \n Melamun itu tiada gunanya \n ,Pantun Nasihat
Jalan-jalan ke kota Padang \n Bersama adik dan juga abang \n Angin bertiup dengan sedang \n Layang-layang pastilah terbang \n ,Pantun Anak-anak
"Numpak andhong ning Kotagedhe, \n tuku ali-ali kagem eyang putri. \n Bilih aku nduwe luput gedhe, \n nyuwun kawelasan sampean ampuni. \n ",Pantun Bahasa Jawa
Budak-budak ramai di pekan \n Hari raya membakar petas \n Kalau adik pandai kiasan \n Apakah buah gugur ke atas? \n (buah Melaka) \n ,Pantun Teka-Teki
Ngun Syah Betara Sakti \n Panahnya bernama Nila Gandi \n Bilanya emas banyak di peti \n Sembarang kerja boleh menjadi \n ,Pantun Nasihat
Jalan-jalan ke rawa-rawa \n Jika capai duduk di pohon palem \n Geli hati menahan tawa \n Melihat katak memakai helm \n ,Pantun Jenaka
Rumahmu dari kayu \n Atapnya dari jerami \n Rupamu sungguh ayu \n Tapi sayang jarang mandi \n ,Pantun Jenaka
Sungguh indah bunga yang ditanam \n Pergi melihat bersama teman \n Mari kita menjaga kebersihan \n Kebersihan itu sebagian iman \n ,Pantun Alam
Keris bertuah amat sakti \n Kalah oleh iman nan hakiki \n Apakah ciri cinta sejati \n Berani berkorban tak kenal henti \n ,Pantun Cinta
Ada hiburan kuda kepang \n Penarinya sedang bergoyang \n Ayo kita ke tanah lapang \n Untuk bermain layang-layang \n ,Pantun Anak-anak
Di mana kuang hendak bertelur \n Di atas lata di rongga batu \n Di mana tuan hendak tidur \n Di atas dada di rongga susu \n ,Pantun Jenaka
Dua tiga kucing berlari \n Mana nak sama si kucing belang \n Dua tiga boleh ku cari \n Manakan sama Ayahku Sorang \n ,Pantun Ayah
Berbuah lebat pohon mempelam \n Rasanya manis dimakan sedap \n Bersebarlah adat seluruh alam \n Adat pusaka berpedoman kitab \n ,Pantun Adat
Dua musim dalam setahun \n Musim banjir air melimpah \n Uang kertas bukanlah daun \n Jangan dihambur seperti sampah \n ,Pantun Pendidikan
"Ning gunung ketur tuku bolah, \n kanggo ndodomi sajadahe simbah \n Dudu salahmu sing gawe susah, \n nafsu amarahku sing gawe bubrah. \n ",Pantun Bahasa Jawa
Ada terjemahan ke bahasa Melayu \n Mudah faham isi kandungannya \n Ibu yang ikut wahyu \n Jadilah anak didiknya berjaya \n ,Pantun Ibu
"Berpohon bulat daunnya rindang, \n Asam dan hijau kala muda, \n Bentuknya ia bagai bintang, \n Kalaupun masak, kuninglah ia? \n (Jawabannya: Belimbing) \n ",Pantun Teka-Teki
"Beli kentang dibuat rujak.. , \n Biar mantap dicampur sambal.., \n Tidur terlentang tidak nyenyak.., \n Tidur tengkurap ada yang mengganjal.. \n ",Pantun Jenaka
"Srengenge Idul Fitri anggawa pangarep-arep, \n silaturahim kanggo lantaran rumakete ati. \n Kita sedaya caos pangapura kanthi mantep \n nglaleake kalepatan liyan gawe tentreme ati \n ",Pantun Bahasa Jawa
Dua tiga empat lima \n Enam tujuh delapan sembilan \n Kita hidup tak akan lama \n Jangan lupa siapkan bekalan \n ,Pantun Agama
Warna putih bunga melati \n Tumbuh di kebun buah \n Usahamu disiplin setiap hari \n Ajari kami tanpa lelah \n ,Pantun Guru
Masak angsa di kuali \n Bukan lagi di perigi \n Sebaiknya kamu mengabdi \n Di pangkuan ibu pertiwi \n ,Pantun Pendidikan
"Keliling kota naik becak, \n meski lama tiada jemu. \n Banyak-banyak engkau membaca, \n Karena membaca kuncinya ilmu. \n ",Pantun Nasihat
Batang selasih permainan anak \n Tumbuhnya jarang di tepi telaga \n Bercerai kasih bukan kehendak \n Paksaan orang dituruti juga \n ,Pantun Perpisahan
Langit mendung diatas lautan... \n Lebat hujannya tiada terbendung... \n Gadis berkerudung cantik menawan... \n Kedip matanya rontokan bulu hidung... \n ,Pantun Jenaka
Anak ayam turunlah satu \n Mati satu tinggallah habis \n Tersiksa badan waktu itu \n Sebab mengikuti setan iblis \n ,Pantun Agama
"Dua tiga kucing berlari \n Mana makin sama si kucing belang,,, \n Dua tiga boleh ku cari \n takkan sama hanya Ayahku S'orang,,,, \n ",Pantun Ayah
Kisah Ariel Peterpan semakin hebat diperkata \n Edison Chen versi Indonesia \n Ayah oh Ayah semoga cepat sembuh dan ceria \n Kami sekeluarga merindui gelak dan tawa ayah semula \n ,Pantun Ayah
Empat kali empat \n Sama dengan enam belas \n Cepat atau lambat \n Cintaku pasti kau balas ğŸ˜€ \n ,Pantun Jenaka
"Tinggi gunung tak tergapai, \n gunung biru jauh di seberang. \n Kalau murid menjadi pandai, \n hati gurupun ikut senang. \n ",Pantun Nasihat
"Di Indonesia ada Pulau Jawa \n Tak lupa juga ada Pulau Sumatera \n Guru, ajari kami dengan sukacita \n Agar kami mampu meraih cita-cita \n ",Pantun Guru
Merantau ke sibu berjumpa kawan \n pantun di padu terjawap sopan \n walau bertemu hanya di awan \n namun rindu tetap tersimpan \n ,Pantun Budi
Buah pisang buah tomat \n Disimpan didalam lumbung padi \n Pantas tercium bau menyengat \n Rupanya kau belum mandi \n ,Pantun Jenaka
Pergi tamsya kekota Bogor \n Jangan lupa ke Kebun Raya \n Meski engkau sudah tersohor \n Janganlah lupa ayah ibunda \n ,Pantun Pendidikan
Hari panas jangan ke laut \n Kalau ke laut kapal tergalang \n Hati panas jangan diturut \n Kalau diturut akal pun hilang \n ,Pantun Nasihat
Kalau tuan pergi ke Tuban \n Jangan lupa mampir ke Daka \n Shalat itu perintah Tuhan \n Jika ingkar masuk neraka \n ,Pantun Agama
Pergi ke hutan cari rusa \n Hendaklah kau bawa tali \n Wahai anak cucu bangsa \n Hendaklah kau bangun ngeri \n ,Pantun Pendidikan
Segar pempek sebab cuka \n Lezat dan nikmat pasti rasanya \n Banyak orang yang suka \n Memang dia baik hatinya \n ,Pantun Cinta
Sungguhlah besar taman Seri Mahkota \n Tempat bermain bidadari Lela Utama \n Sungguhlah benar bagi orang yang takwa \n Ada tempat yang aman dan bahagia \n ,Pantun Agama
"Terkenang kembali saat gemilang, \n Sahutan Merdeka !! berulang kali, \n Impian seluruh rakyat terjulang, \n Senyum di muka, Gembira di hati \n ",Pantun Kemerdekaan
"Ikan lohan, \n di atas tungku. \n Daripada duduk jauhan, \n mendingan abang pangku. \n ",Pantun Cinta
"Ke kota ngajar sihir, \n meski belum mahir, \n cinta ini takan berakhir, \n meski hidup telah berakhir. \n ",Pantun Cinta
Terang bulan terang Cahaya \n Cahaya memancar ke Tanjung Jati \n Jika kau ingin hidup bahagia \n Beramal ibadah sebelum mati \n ,Pantun Agama
Nemu gelang di pekarangan \n Tapi gelang sudah karatan \n Siapa nyampah sembarangan \n Pasti pacarnya orang utan \n ,Pantun Jenaka
Kancil lompat lewat kawat \n Hendak lari membeli jajan \n Sapi siapa yang paling kuat \n Itulah sapi Mbah Marijan \n ,Pantun Anak-anak
"Nangka muda digulai lemak, \n Buah beri masak tersangkut. \n Harta dunia jangan ditamak, \n Bila mati takkan mengikut. \n ",Pantun Agama
"Pergi jalan-jalan, \n jam 11 harus balik. \n Ga ada penyesalan, \n kamulah yang terbaik. \n ",Pantun Cinta
Makan lepas solat zohor \n Minum air dari labu \n Nama Shafie kekal masyhur \n Bimbingan awal dari ibu \n ,Pantun Ibu
Rumah di kota amatlah bersih \n Tempat bermain si orang kaya \n Berpantang mata berasa kasih \n Jumpa yang lain lupakan saya \n ,Pantun Cinta
Pohon selasih tumbuh melata \n Tumbuh perdu jauh di sana \n Sepasang kasih mabuk bercinta \n Siang merindu malam merana \n ,Pantun Cinta
Begitu indah alam semesta \n Lebih indah dari mutiara \n Apakah tanda hatinya cinta \n Penuh kasih bersikap mesra \n ,Pantun Cinta
Siang-siang minum es \n Minumnya sambil nonton upin ipin \n Kamu tau siapa itu orang sukses \n Sukses itu adalah orang-orang rajin \n ,Pantun Bijak
Masak gulai sepikulan \n Enaknya tak ada lawan \n Lemah gemulai bila berjalan \n Dialah gadis yang menawan \n ,Pantun Cinta
Rajut kain dengan benang \n Rajutnya oleh putri dayang \n Ayah pulang hatiku senang \n Wajah ibu juga kan riang \n ,Pantun Anak-anak
Terbang burung amat rendah \n Terbangnya dia ke utara \n Sawah itu amat indah \n Terhampar bagai selendang sutra \n ,Pantun Anak-anak
"Hari minggu mancing di kali, \n di pinggiran melihat buaya. \n Hidup di dunia hanya sekali, \n maka jalani dengan sebaik-baiknya. \n ",Pantun Agama
Lebat daun bunga tanjung \n Berbau harum bunga cempaka \n Adat dijaga pusaka dijunjung \n Baru terpelihara adat pusaka \n ,Pantun Adat
Apa guna pergi mengaji \n kalau tidak pakai peci \n apa guna anda berjanji \n kalau tidak ditepati \n ,Pantun Budi
buah salak baru dipetik \n buah dukuh buah delima \n ada banyak wanita cantik \n cuma kamu yg aku cinta \n ,Pantun Cinta
Daun terap di atas dulang \n Anak udang mati di tuba \n Dalam kitab ada terlarang \n Yang haram jangan dicoba \n ,Pantun Agama
Papan rengat dari rawa \n semua orang ingin membawa \n Cintamu hangat di dalam jiwa \n saperti cahaya dari sang surya \n ,Pantun Cinta
Sayang rindu terbiar sakitan \n pipi basah melurut rintisan \n Terbayang wajah sesegar ingatan \n Rindu ayah bersalut tangisan.. \n ,Pantun Ayah
"Pisau tajam, pisau belati \n Jangan tertipu pisau palsu \n Cinta sejati timbul dari hati \n Bukan timbul dari nafsu \n ",Pantun Cinta
Gadis Aceh berhati gundah \n Menanti teruna menghulur tepak \n Gula manis sirih menyembah \n Adat dijunjung dipinggir tidak \n ,Pantun Adat
"Pergi ke pasar membeli Kepah \n Untuk dimasak sambal pedas,,,,, \n Terima Kasih buat Ayah \n Kasih dan sayangmu hanya Tuhan yg mampu membalas,,, \n ",Pantun Ayah
Bunga cina di atas batu \n Daunnya lepas ke dalam ruang \n Adat budaya tidak berlaku \n Sebabnya emas budi terbuang \n ,Pantun Budi
Minum air dari labu \n Boleh dibawa bila berjalan \n Bimbingan awal dari ibu \n Serta kasih yang berkekalan \n ,Pantun Ibu
"Gagang golok,,gagang cangkul.., \n Gagang cangkul juga gagang celurit.., \n Ga bisa nyolok katanya tumpul.., \n Biarpun tumpul tetep hasilnya buncit.? \n ",Pantun Jenaka
Anak angsa mati lemas \n Mati lemas di air masin \n Hilang bahasa karena emas \n Hilang budi karena miskin \n ,Pantun Budi
Badan siapa terkena kudis \n Obati saja dengan lada \n Siang malam merayu gadis \n Duduk bersanding bersama janda ğŸ˜€ \n ,Pantun Jenaka
Kemuning daunnya lampai \n Tubuh dijirat paduka tuan \n Diatas dunia kaul tak sampai \n Didalam surga ada penantian \n ,Pantun Agama
Memasak ikan di dalam peti \n Paling enak di campur terasi \n Gayanya aja kayak selebriti \n Tapi dompetnya kagak berisi \n ,Pantun Jenaka
Habis mandi pergi ke Mushola \n Mushola tempat tuk mengaji \n Guru ikhlas ajari kita \n Bertubi-tubi sampai kita pandai \n ,Pantun Guru
Hormatilah seorang guru \n Agar ilmu menjadi bermanfaat \n Ikhlaslah dalam mencari ilmu \n Insyaallah kau kan bermartabat \n ,Pantun Bijak
Kemumu di dalam semak \n Jatuh sehelai selarasnya \n Meski ilmu setinggi tegak \n Tak sembahyang apa gunanya \n ,Pantun Agama
Bila todak melanda Singapura \n Habis dikerat dicincang lumat \n Bila khianat pada manusia \n Dunia akhirat takkan selamat \n ,Pantun Agama
Boleh dibawa bila berjalan \n Kitab Shafie berjudul Risalah \n Serta kasih yang berkekalan \n Kuat hubungan dengan Allah \n ,Pantun Ibu
Lebat daun bunga tanjung \n Berbau harum bunga cempaka \n Adat dijaga pusaka dijunjung \n Baru terpelihara adat pesaka \n ,Pantun Adat
Setiap berkata gunakan otak \n Otak berfikir demi pengetahuan \n Sama-sama bibir bergerak \n Pilihlah kata yang menyenagkan \n ,Pantun Pendidikan
Tanam ubi tanam tebu \n Tanam pula di tepi paya \n Terima kasih kepada ibu \n Membesarkan kita hingga berjaya \n ,Pantun Ibu
"Arjuna satria pandai memanah, \n dari negeri antah berantah. \n Agar rumah tangga sakinah, \n taat pada apa yang diperintah. \n ",Pantun Cinta
Di pinggir kolam makan bubur \n Jangan lupa pakai keripik \n Dari semalem aye ga bisa tidur \n Selalu teringat wajah mu yang cantik \n ,Pantun Jenaka
"Tupai lompat mencuri kentang, \n kentang habis tinggalah ikan. \n Sholat magrib waktu petang, \n jangan pernah kau tinggalkan. \n ",Pantun Nasihat
Lembayung di antara semak \n Jatuh melayang ke dalam paya \n Walau ilmu setinggi tegak \n Tidak sembahyang apa gunanya \n ,Pantun Agama
Pergi ke sawah membawa cangkul \n Membawa bekal semangkok soto \n Jika kamu merasa anak gaul \n Apa bahasa inggrisnya nenek - nenek salto ? \n ( Jawabannya : Believe it or not ) \n ,Pantun Teka-Teki
Buah apel berwarna merah \n Ketika digidit renyah sekali \n Hasil kita bersusah payah \n Menjaga kesehatan yang hakiki \n ,Pantun Berbalas
Buah nanas buah naga \n Enak disantap dikala senja \n Dikala muda sudah terbiasa \n Saat menua merasakan hasilnya \n ,Pantun Berbalas
Kain tenun dari sumbawa \n Kain batik dari pekalongan \n Kalau ingin jadi mahasiswa \n Sekolah Dasar jangan diabaikan \n ,Pantun Pendidikan
Dulang bukan sembarang dulang \n Dulang besar melebihi rantang \n Bolang bukan sembarang bolang \n Bolang berani menyerah pantang \n ,Pantun Anak-anak
Hujan gerimis deraslah amat.. \n Ada kilat bertabrakan.. \n Hari kamis malam jumat.. \n Yang mau kumat dipersilahkan \n ,Pantun Jenaka
Anak kecil berkepang pita \n Hendak berangkat main ke kota \n Padamu aku jatuh cinta \n Siang malam tampak di mata \n ,Pantun Cinta
Kadang salah kadang benar \n Kadang terang kadang bunar \n Rajinlah belajar \n Agar kamu menjadi pintar \n ,Pantun Bijak
Tukang bakso berbaju biru \n Sedang keliling kampung berjualan \n Justru kamu sebagai orang baru \n Mulai menyapa untuk berkenalan \n ,Pantun Berbalas
"Naik delman ditarik kuda, \n Melewati desa dan rawa-rawa. \n Harta tak dibawa saat kau tiada, \n Amal Sholeh yang akan kau bawa. \n ",Pantun Agama
Asam kandis asam gelugur \n Kedua ayam si riang-riang \n Menangis mayat di pintu kubur \n Teringat badan tidak sembahyang \n ,Pantun Agama
"Jikalau tuan tajuk cendana, \n Ambil gantang jemurkan pala, \n Jikalau tuan memang bijaksana, \n Binatang apa ekor di kepala? \n (Jawabannya: Gajah) \n ",Pantun Teka-Teki
Boleh masak gulai lemak \n Makan lepas solat zohor \n Kesan tarbiyah oleh ulamak \n Nama Shafie kekal masyhur \n ,Pantun Ibu
Redup bulan nampak akan hujan \n Pasang pelita sampai berjelaga \n Hidup mati di tangan Tuhan \n Tiada siapa dapat menduga \n ,Pantun Agama
Orang dahulu hidup di goa \n Biawak hidup di dalam rawa \n Ikuti perintah orang tua \n Tiap solat tak lupa berdoa \n ,Pantun Nasihat
"Ikan gabus di rawa-rawa, \n Ikan belut nyangkut di jaring, \n Perutku sakit menahan tawa, \n Gigi palsu loncat ke piring \n ",Pantun Jenaka
"Membentang luas langit biru, \n langit senja bagai perunggu. \n Solat subuh harus diburu, \n pahala besar selalu menunggu. \n ",Pantun Nasihat
Monyet berlari mengejar kamu \n Berlari menabrak pintu \n Kutuntut ilmi dari guruku \n Untuk meraih cita-citaku \n ,Pantun Guru
Soimah Bersama anak laki-laki \n Duduk makan keropok lekor \n Yang mengejar tak berkaki \n Yang dikejar tak ber ekor? \n (Jawabnya: Ular dan Katak) \n ,Pantun Teka-Teki
Jangan suka bermain tali \n Kalau tak ingin terikat olehnya \n Putus cinta jangan disesali \n Pasti kan datang cinta yang lainnya \n ,Pantun Cinta
Kalau memagar rumpun bawang \n Pagar dahulu lapis berlapis \n Kalau mendengar pengaduan orang \n Dengarkan dulu habis-habis \n ,Pantun Nasihat
Sarat perahu muat pinang \n Singgah berlabuh di Kuala Daik \n Jahat berlaku lagi dikenang \n Inikan pula budi yang baik \n ,Pantun Budi
Tuan puteri belajar menari \n Tari diajar oleh Pak Harun \n Kalau Tuan bijak bestari \n Apa yang naik tak pernah turun? \n (umur) \n ,Pantun Teka-Teki
"Meski dibungkus bukan kiriman, \n Sudah takdir Allah yang satu, \n Walau ditanam bukan tanaman, \n Cobalah terka apakah itu? \n (Jawabannya: Mayat/jenazah) \n ",Pantun Teka-Teki
"Ada burung cendrawasih, \n makan duku sampe  modar, \n percayalah kasih, \n kasih sayangku takkan pernah pudar. \n ",Pantun Cinta
"Gunung Merapi, Gunung Merbabu, \n tansah jejer kaya sedulur kembar \n Aku sing wis tau nglaraake atimu \n njaluk samudra pangapuramu kang jembar \n ",Pantun Bahasa Jawa
Jangan suka mencabut padi \n Kalau dicabut hilang buahnya \n Jangan suka menyebut budi \n Kalau disebut hilang tuahnya \n ,Pantun Nasihat
Sepah tebu rasanya hambar \n Bila dibakar pasti berkobar \n Jika engkau slalu bersabar \n Ilmumu pasti kan lebar \n ,Pantun Nasihat
Ikan duyung ikan sapu \n Burung irian burung cendrawasih \n Itulah pantun lucu dariku \n Cukup sekian dan terima kasih \n ,Pantun Jenaka
jangan suka makan mentimun \n karna banyak getahnya \n hai kawan jangan melamun \n melamun itu tak ada gunanya \n ,Pantun Jenaka
Terang bulan indah bercahaya \n Cahaya memancar ke Tanjung Jati \n Jika engkau hendak bahagia \n Beramal Ibadat sebelum mati \n ,Pantun Agama
Beli penggaris dari mika \n Cicak menatap hati merenung \n Kemana yang kamu suka \n Liburan ke pantai atau gunung \n ,Pantun Anak-anak
Kolang kaling es kelapa \n Campur sedikit daun bidara \n Ayah pulang bawa apa \n Pastilah Ayah bawa gembira \n ,Pantun Anak-anak
Pagi-pagi baca koran \n Semoga saja kamu kurang \n Jangan lupa baca Al-Quran \n Semoga saja harimu terang \n ,Pantun Bijak
Kursi kuat dari kayu jati \n Membelinya di sukarame \n Jika kau permpuan sejati \n Alis - alis apa yang bikin rame ? \n ( Jawabannya : Alisan ibu - ibu ) \n ,Pantun Teka-Teki
Jalan-jalan ke Kota Blitar \n jangan lupa beli sukun \n Jika kamu ingin pintar \n Belajarlah dengan tekun \n ,Pantun Nasihat
"Ke jakarta naiklah pesawat.., \n Pesawat terbang, landingnya susah.., \n Kalau cinta sudah melekat.., \n Siang terbayang, malam mimpi basah.. \n ",Pantun Jenaka
Sang saka merah putih berkibar bebas \n Karena pahlawan-pahlawan yang ikhlas \n Memperjuangkan Indonesea agar terlepas \n Dari penjajah yang sadis dan pemeras \n ,Pantun Kemerdekaan
Pagi hari ditemani sang surya \n Hangat tubuh karna sinarnya \n Belajarlah setinggi-tingginya \n Lalu pulanglah berdakwah sesama \n ,Pantun Bijak
Pohon jati kuat kayunya \n Pohon kapuk tinggi batangnya \n Murid rajin banyak ilmunya \n Murid malas banyak bohongnya \n ,Pantun Pendidikan
Jika petang suasana sepi \n Hanya angin yang menderu \n Ada juga karapan sapi \n Sapi balapan tambah seru \n ,Pantun Anak-anak
Pasar baru pusatnya kain \n Awas dompet jangan hilang \n Desa tempatnya bermain \n Bagai bolang berpetualang \n ,Pantun Anak-anak
Anak itik mulailah terbang \n Ambilkan dedak berilah makan \n Janganlah adik merasa bimbang \n Segala kehendak abang tunaikan \n ,Pantun Cinta
